<?xml version="1.0" encoding="UTF-8"?>
<beans xmlns="http://www.springframework.org/schema/beans"
	xmlns:xsi="http://www.w3.org/2001/XMLSchema-instance" xmlns:p="http://www.springframework.org/schema/p"
	xmlns:context="http://www.springframework.org/schema/context"
	xmlns:mvc="http://www.springframework.org/schema/mvc"
	xsi:schemaLocation="http://www.springframework.org/schema/beans http://www.springframework.org/schema/beans/spring-beans-4.0.xsd
        http://www.springframework.org/schema/mvc http://www.springframework.org/schema/mvc/spring-mvc-4.0.xsd
        http://www.springframework.org/schema/context http://www.springframework.org/schema/context/spring-context-4.0.xsd">
	<!-- 配置Controller扫描 -->
	<context:component-scan base-package="cn.ws.oa.controller" />
	

	
	<!-- 配置注解驱动 -->
	<mvc:annotation-driven />
	
	<!-- 对静态资源放行  -->
	<mvc:resources location="/css/" mapping="/css/**"/>
	<mvc:resources location="/js/" mapping="/js/**"/>
	<mvc:resources location="/fonts/" mapping="/fonts/**"/>
	<mvc:resources location="/images/" mapping="/images/**"/>
	<!-- 配置视图解析器 -->
	<bean class="org.springframework.web.servlet.view.InternalResourceViewResolver">
		<!-- 前缀 -->
		<property name="prefix" value="/WEB-INF/jsp/" />
		<!-- 后缀 -->
		<property name="suffix" value=".jsp" />
	</bean>
</beans>
	
