<?xml version="1.0" encoding="UTF-8" ?>
<!DOCTYPE mapper
PUBLIC "-//mybatis.org//DTD Mapper 3.0//EN"
"http://mybatis.org/dtd/mybatis-3-mapper.dtd">
<mapper namespace="cn.ws.oa.mapper.DepartmentMapper">
	<!-- 查找所有 -->
	<select id="queryAll" resultType="Department">
		select departmentId,
		departmentName, departmentManager, departmentRemark from department
	</select>
	<!-- 按id查找 -->
	<select id="selectDepartmentById" parameterType="Integer" resultType="Department">
		select * from department where departmentId = #{departmentId}
	</select>
	<!-- 分页统计 -->
	<select id="departmentCountByVo"
		parameterType="DepartmentQueryVo" resultType="Integer">
		select count(1)
		from department,user
		<where>
			1=1
			<if test="departmentName != null and departmentName !=''">
				and department.departmentName like
				"%"#{departmentName}"%"
			</if>
			<if test="userName != null and userName != '' ">
				and user.userName like "%"#{userName}"%"
			</if>
			and department.departmentManager=user.userId
		</where>
	</select>
	<!-- 分页查找 -->
	<select id="selectDepartmentListByVo"
		parameterType="DepartmentQueryVo" resultType="DepartmentList">
		select
		department.departmentId,department.departmentName,user.userName,department.departmentRemark
		from department,user
		<where>
			1=1
			<if test="departmentName != null and departmentName !=''">
				and department.departmentName like
				"%"#{departmentName}"%"
			</if>
			<if test="userName != null and userName != '' ">
				and user.userName like "%"#{userName}"%"
			</if>
			and department.departmentManager=user.userId
		</where>
		limit #{startRow},#{size}
	</select>
	<!-- 删除部门 -->
	<delete id="deleteDepartment" parameterType="Integer">
		delete from
		department
		where departmentId = #{departmentId}
	</delete>
	<!-- 添加部门 -->
	<insert id="addDepartment" parameterType="Department">
		insert into department
		<trim prefix="(" suffix=")" suffixOverrides=",">
			<if test="departmentName != null">
				departmentName,
			</if>
			<if test="departmentManager != null">
				departmentManager,
			</if>
			<if test="departmentRemark != null">
				departmentRemark,
			</if>
		</trim>
		<trim prefix="values (" suffix=")" suffixOverrides=",">
			<if test="departmentName != null">
				#{departmentName,jdbcType=CHAR},
			</if>
			<if test="departmentManager != null">
				#{departmentManager,jdbcType=INTEGER},
			</if>
			<if test="departmentRemark != null">
				#{departmentRemark,jdbcType=CHAR},
			</if>
		</trim>
	</insert>
	<!-- 修改部门 -->
	<update id="updateDepartment" parameterType="Department">
		update department
		<set>
			<if test="departmentName != null">
				departmentName = #{departmentName,jdbcType=CHAR},
			</if>
			<if test="departmentManager != null">
				departmentManager = #{departmentManager,jdbcType=INTEGER},
			</if>
			<if test="departmentRemark != null">
				departmentRemark = #{departmentRemark,jdbcType=CHAR},
			</if>
		</set>
		where departmentId = #{departmentId,jdbcType=INTEGER}
	</update>

</mapper>