<?xml version="1.0" encoding="UTF-8" ?>
<!DOCTYPE mapper
PUBLIC "-//mybatis.org//DTD Mapper 3.0//EN"
"http://mybatis.org/dtd/mybatis-3-mapper.dtd">
<mapper namespace="cn.ws.oa.mapper.RoleMapper">


	<select id="roleCountByVo" parameterType="QueryVo"
		resultType="Integer">
		select count(1) from role
	</select>

	<select id="queryRoleByVo" resultType="Role">
		select roleId, roleName,
		roleDescription from role
		limit #{startRow},#{size}
	</select>

	<select id="queryById"  parameterType="Integer" resultType="Role">
		select * from role where roleId = #{roleId}
	</select>
	<select id="queryAll" resultType="Role">
		select roleId, roleName,
		roleDescription from role
	</select>

	<update id="updateRole">
		update role
		<set>
			<if test="roleName != null">
				roleName = #{roleName,jdbcType=CHAR},
			</if>
			<if test="roleDescription != null">
				roleDescription = #{roleDescription,jdbcType=INTEGER},
			</if>
		</set>
		where roleId = #{roleId,jdbcType=INTEGER}
	</update>
	
	
	<delete id="deleteRole" parameterType="Integer">
		delete from role
		where roleId = #{roleId}
	</delete>

	<insert id="insertRole" parameterType="Role">
		insert into role
		<trim prefix="(" suffix=")" suffixOverrides=",">
			<if test="roleName != null">
				roleName,
			</if>
			<if test="roleDescription != null">
				roleDescription,
			</if>
		</trim>
		<trim prefix="values (" suffix=")" suffixOverrides=",">
			<if test="roleName != null">
				#{roleName,jdbcType=CHAR},
			</if>
			<if test="roleDescription != null">
				#{roleDescription,jdbcType=CHAR},
			</if>
		</trim>
	</insert>
</mapper>