<?xml version="1.0" encoding="UTF-8" ?>
<!DOCTYPE mapper
PUBLIC "-//mybatis.org//DTD Mapper 3.0//EN"
"http://mybatis.org/dtd/mybatis-3-mapper.dtd">
<mapper namespace="cn.ws.oa.mapper.RoleAndAothMapper">
	<select id="queryOne" parameterType="RoleAndAoth" resultType="Integer">
		select count(1)
		from roleAndAoth
		where roleId = #{roleId} and aothorityId = #{aothorityId}
	</select>
	<select id="queryByRoleId" parameterType="Integer" resultType="Integer">
		select aothorityId
		from roleAndAoth
		where roleId = #{roleId}
	</select>
	<delete id="deleteRoleAndAoth" parameterType="Integer">
		delete from roleandaoth
		where roleId = #{roleId}
	</delete>
	<insert id="insertRoleAndAoth" parameterType="RoleAndAoth">
		insert into roleandaoth
		<trim prefix="(" suffix=")" suffixOverrides=",">
			<if test="roleId != null">
				roleId,
			</if>
			<if test="aothorityId != null">
				aothorityId,
			</if>
		</trim>
		<trim prefix="values (" suffix=")" suffixOverrides=",">
			<if test="roleId != null">
				#{roleId,jdbcType=INTEGER},
			</if>
			<if test="aothorityId != null">
				#{aothorityId,jdbcType=INTEGER},
			</if>
		</trim>
	
	</insert>
	
</mapper>