<?xml version="1.0" encoding="UTF-8" ?>
<!DOCTYPE mapper
PUBLIC "-//mybatis.org//DTD Mapper 3.0//EN"
"http://mybatis.org/dtd/mybatis-3-mapper.dtd">
<mapper namespace="cn.ws.oa.mapper.UserMapper">
	<sql id="Base_Column_List">
		userId, roleId,departmentId,userNum,userPassword,userName,userPhone,userAddress,userEmail,userEntrytime,userRemark
	</sql>
	<!-- 统计个数 -->
	<select id="userCountByVo" parameterType="UserQueryVo"
		resultType="Integer">
		select count(1) from user
		<where>
			<if test="userName != null and userName != ''">
				userName like "%"#{userName}"%"
			</if>
			<if test="userNum != null and userNum != ''">
				and userNum = #{userNum}
			</if>
			<if test="roleId != null ">
				and roleId = #{roleId}
			</if>
			<if test="departmentId != null ">
				and departmentId = #{departmentId}
			</if>
		</where>
	</select>
	<!--按id查找  -->
	<select id="selectUserById" parameterType="Integer" resultType="User">
		select
		<include refid="Base_Column_List"/>
		from user where userId = #{userId}
	</select>
	<!--  分页查找-->
	<select id="selectUserListByVo" parameterType="UserQueryVo"
		resultType="cn.ws.oa.pojo.UserList">
		select
		userId,userNum,userName,roleName,departmentName,userPhone,userAddress,userEmail
		from user,role,department
		<where>
			1=1
			<if test="userName != null and userName !=''">
				and user.userName like "%"#{userName}"%"
			</if>
			<if test="userNum != null and userNum != ''">
				and user.userNum = #{userNum}
			</if>
			<if test="roleId != null and roleId != '' ">
				and user.roleId = #{roleId}
			</if>
			<if test="departmentId != null and departmentId != '' ">
				and user.departmentId = #{departmentId}
			</if>
			and user.roleId=role.roleId AND
			user.departmentId=department.departmentId
		</where>
		limit #{startRow},#{size}
	</select>
	<!-- 添加用户 -->
	<insert id="insertUser" parameterType="cn.ws.oa.pojo.User">
		insert into user
		<trim prefix="(" suffix=")" suffixOverrides=",">
			<if test="userId != null">
				userId,
			</if>
			<if test="userNum != null">
				userNum,
			</if>
			<if test="userName != null">
				userName,
			</if>
			<if test="roleId != null">
				roleId,
			</if>
			<if test="departmentId != null">
				departmentId,
			</if>
			<if test="userPassword != null">
				userPassword,
			</if>
			<if test="userPhone != null">
				userPhone,
			</if>
			<if test="userAddress != null">
				userAddress,
			</if>
			<if test="userEmail != null">
				userEmail,
			</if>
			<if test="userEntrytime != null">
				userEntrytime,
			</if>
			<if test="userRemark != null">
				userRemark,
			</if>
		</trim>
		<trim prefix="values (" suffix=")" suffixOverrides=",">
			<if test="userId != null">
				#{userId,jdbcType=INTEGER},
			</if>
			<if test="userNum != null">
				#{userNum,jdbcType=CHAR},
			</if>
			<if test="userName != null">
				#{userName,jdbcType=CHAR},
			</if>
			<if test="roleId != null">
				#{roleId,jdbcType=INTEGER},
			</if>
			<if test="departmentId != null">
				#{departmentId,jdbcType=INTEGER},
			</if>
			<if test="userPassword != null">
				#{userPassword,jdbcType=CHAR},
			</if>
			<if test="userPhone != null">
				#{userPhone,jdbcType=CHAR},
			</if>
			<if test="userAddress != null">
				#{userAddress,jdbcType=CHAR},
			</if>
			<if test="userEmail != null">
				#{userEmail,jdbcType=CHAR},
			</if>
			<if test="userEntrytime != null">
				#{userEntrytime,jdbcType=DATE},
			</if>
			<if test="userRemark != null">
				#{userRemark,jdbcType=CHAR},
			</if>
		</trim>
	</insert>
	<!--删除用户  -->
	<delete id="deleteUser" parameterType="Integer">
		delete from user
		where userId = #{userId}
	</delete>
	<!-- 更新用户 -->
	<update id="updateUser" parameterType="User">
		update user
		<set>
			<if test="userNum != null">
				userNum = #{userNum,jdbcType=CHAR},
			</if>
			<if test="userName != null">
				userName = #{userName,jdbcType=CHAR},
			</if>
			<if test="roleId != null">
				roleId = #{roleId,jdbcType=INTEGER},
			</if>
			<if test="departmentId != null">
				departmentId = #{departmentId,jdbcType=INTEGER},
			</if>
			<if test="userPhone != null">
				userPhone = #{userPhone,jdbcType=CHAR},
			</if>
			<if test="userAddress != null">
				userAddress = #{userAddress,jdbcType=CHAR},
			</if>
			<if test="userEmail != null">
				userEmail = #{userEmail,jdbcType=CHAR},
			</if>
			<if test="userEntrytime != null">
				userEntrytime = #{userEntrytime,jdbcType=DATE},
			</if>
			<if test="userRemark != null">
				userRemark = #{userRemark,jdbcType=CHAR},
			</if>
		</set>
		where userId = #{userId,jdbcType=INTEGER}
	</update>
	<!-- 通过姓名查找 -->
	<select id="selectUserByName" parameterType="String" resultType="User">
		select
		<include refid="Base_Column_List"/>
		from user where userName = #{userName}
	</select>
	<!-- 通过账号查找 -->
	<select id="selectUserByNum" parameterType="String" resultType="User">
		select
		<include refid="Base_Column_List"/>
		from user where userNum = #{userNum}
	
	</select>
</mapper>




















